brand,brand_geo
Carlton London,other
Charlene,other
Denver,other
Engage,other
Envy,other
FOGG,other
KS WOMAN,other
LA' French,other
Park Avenue,global   
Ahava,other
Alpha Skin Care,other
American Crew,other
Ariana Grande,other
Babo Botanicals,other
Baxter of California,other
Beast,other
Beekman 1802,global
Bliss,other
boscia,other
Briogeo,other
Bushbalm,other
Buttah Skin,other
Carbon Theory.,other
Cetaphil,other
Cï¿½ï¿½,other
Clarins,global
Clinique,global   
Coco & Eve,other
Da Bomb,global   
Daily Concepts,other
Dermalogica,other
Differin,other
Dionis,global   
Dr Teal's,global   
Drunk Elephant,other
Duke Cannon Supply Co,global   
Each & Every,global   
Earth Therapeutics,other
EcoTools,other
Eczema Honey,other
Every Man Jack,other
First Aid Beauty,other
Formula 10.0.6,other
frank body,other
fresh,global
Fur,other
Gigi,other
Gillette,other
Good Molecules,global
Hempz,global   
Homebody,global   
Hustle Butter,global   
J.R. Watkins,other
Jack Black,other
Kate Somerville,global   
Kiehl's Since 1851,other
Kimirica,other
Kitsch,other
Kneipp,global   
Kopari Beauty,global
La Roche-Posay,other
Lancï¿½ï¿½,global
Love Wellness,other
LUV SCRUB,global
Mad Hippie,other
MAï¿½ï¿½ï¿½ï¿½ï¿½,global
MANNA KADAR BEAUTY,other
Mario Badescu,other
Meaningful Beauty,global
megababe,other
Milk + Honey,other
Murad,global
Nivea,global   
Nude Sugar,global   
Origins,global
OSEA,other
OUAI,global   
Pacifica,global   
Patisserie Beauty,other
Paul Mitchell,other
PEACH & LILY,global
Philosophy,other
Pipette,other
Pirette,global
Proactiv,global
RITUALS,global   
ROSEN,global
SABON,global
SAND & SKY,other
SheaMoisture,global
sk*p,other
Soap & Glory,other
SoCozy,other
Spongeables,other
St. Ives,other
St. Moriz,global
StBotanica,other
StriVectin,global
SUNDAY RILEY,other
Supergoop!,other
SweetSpot Labs,global
Terra Beauty Bars,global
The Body Shop,global   
The Handmade Soap Co.,global   
Tree Hut,global
Truly,other
Tula,other
ULTA Beauty Collection,global   
Urban Hydration,other
Urban Veda,global
Verb,global
Vichy,other
Vitabath,other
We Are Paradoxx,other
Lux,other
WOW Skin Science,other
ABHATi SUISSE,other
BODY CUPID,other
Bodywise,other
Brut,other
Buds & Berries,other
BURT'S BEES,other
Cleansense,other
Dermafique,other
Dettol,other
Elizabeth Arden,other
FOREST ESSENTIALS,other
Gallinee,other
jUiCE BEAUTY,other
Kama Ayurveda,other
Love Beauty & Planet,other
Mcaffeine,other
MEDIMIX AYURVEDIC,other
MOROCCANOIL,other
OMORFEE,other
Palmolive,other
PEARS,other
RW,other
Sairo,other
Sephora Collection,other
Skin Cottage,other
ST. D'VENCï¿½,other
THE LOVE CO.,other
Votre,other
Wishful,other
Yardley,global
18.21 Man Made,other
ACO perfumes,other
AGN,other
AJMAL,other
AllSaints,other
Almas,other
Amazon Brand - Solimo,other
Aranyam,other
ARMAF,other
ARMANI,other
AZZARO,other
B.Bungalow by Beachwaver Co.,other
BEARDO,other
Beauty Finds by ULTA Beauty,other
Bella Vita Organic,other
BEVEL,other
Billie Eilish,other
Bombay Shaving Company,other
Burberry,global   
BVLGARI,other
Calvin Klein,other
Candier,global
Carolina Herrera,global   
CAUDALIE,other
CFS,other
CHANEL,global   
Charli D'Amelio,other
Chloï¿½,other
Chloe,other
chopard,other
Clean,other
Clive Christian,other
Coach,global   
DAVIDOFF,other
DefineMe Fragrance,other
Devinez,other
DIME,other
Dior,other
DJOKR,other
DKNY,other
DOLCE & GABBANA,other
Dolce&Gabbana,global
Donna Karan,other
Eau de Juice,other
Ellis Brooklyn,other
Em5,other
Escada,other
Estï¿½ï¿½ï¿½ï,other
Estee Lauder,other
ESTIARA,other
Fastrack,other
Fernweh,other
FERRARI,other
Fragrantor's,other
Generic,other
GIORGIO ARMANI,other
Givenchy,other
Gucci,other
GUERLAIN,other
HERMES,other
HomeWorx,global   
Hugo Boss,other
HVNLY,other
Iba,other
ILLUME,other
ISAK,other
Issey Miyake,other
Jean Paul Gaultier,other
Jimmy Choo,global   
John Varvatos,other
Juicy Couture,global   
Just Herbs,local
Kama Sutra,other
Kapil Traders,other
Kate Spade New York,other
Kayali,other
Kenneth Cole New York,other
Kenzo,other
Keys Soulcare,other
Lake & Skye,other
Lancme,other
L'Atelier Parfum,other
LAVANILA,other
Layer'r,other
Liberty,other
LURE,other
MAC Cosmetics,other
Mamaearth,other
MAN CODE,other
Marc Jacobs,other
MASON MAN,other
Mayin,other
Michael Kors,global   
MINISO,other
Miu Miu,other
MONET,other
Montblanc,other
Moschino,other
MUGLER,other
Narciso Rodriguez,other
Naughty Girl,other
NECK FRAGRANCES,other
NEESH,other
Nemat,other
NEST Fragrances,global   
NINA RICCI,other
NP NEW PERFUMES,other
OMSR,other
One 8 by Virat Kohli,other
OPP,other
OSR,other
Ossa,other
OSSUM,other
Paco Rabanne,global   
PALMIST,other
Parag fragrances,other
Patel,other
PATEL PERFUMES,other
PERFUME LOUNGE,other
PERFUMERS CLUB,other
Petite n Pretty,global
Phy,other
Pinrose,other
Plum,other
Prada,global
Pura,global   
PureSense,other
Ralph Lauren,global   
Ramco,other
RAMSONS,other
Raymond,other
REALMAN,other
RENEE,local
REVLON,other
RiiFFS,other
Riya,other
roberto cavalli,other
Salvatore Ferragamo,other
Secret Temptation,other
Set Wet,other
SKINN,other
SKINN BY TITAN,other
Smile Makers,other
Spruce Shave Club,other
St Louis,other
Sugandhim,other
SUGAR DADDY,other
SUPERSTUD,other
Sweetheart,other
SYSPRO,other
The Man Company,other
Tiffany & Co,other
Tiffany & Co.,other
TOM FORD,other
Too Faced,other
Tory Burch,other
UPSILON,other
Ustraa,other
Vacation,other
Valentino,other
Versace,global   
Viktor&Rolf,other
VILLAIN,other
VIWA Perfumes,other
Wild Stone,other
Wiz LIQUID SOAP,other
X drax,other
Yves Saint Laurent,global   
7 Days,local
Amueroz,other
Anastasia Beverly Hills,other
ARAMUSK,other
ARATA,other
Atulya,other
AVON,other
Azafran Organics,other
BAJAJ,other
Bioderma,other
BIOTIQUE,other
BOROPLUS,other
Brinton,other
BUMEBINE,other
Chandrika,other
CINTHOL,other
CLEOPATRA,other
COSMONINE,other
Cycle,other
D Roots Botanica,other
DOVE,other
Doy,other
Dr. JRK's,other
Earth Rhythm,other
Earthy Sapo,other
Essenza Di Wills,other
FIAMA,other
Fiama Men,other
G GLOWSIK,other
Globus,other
GLOBUS NATURALS,other
Godrej No.1,other
HAMAM,other
HIMALAYA,global
Hiniva Beauty,local
Hygienix,other
JIVA,other
JIVA AYURVEDA,other
Jo,other
JRK's,other
Khadi Mauri,other
KHADI NATURAL,other
khadi natural herbal,other
khadi ORGANIQUE,other
Korean Beauty,other
LA Organo,other
LIFEBUOY,other
Liril,other
MAHARISHI ayurveda,other
Man Arden,other
MANCODE,other
Manive,other
Marcus Wellness,other
Medimade,other
MEDIMIX,other
MORVIN,other
MORVIN INDIA,other
moti,other
Nutriment,global
Omved,other
Organic Harvest,other
panchvati,other
parasoft,other
PATANJALI,other
PRATHA,other
Psalmstre,other
Pure,global   
Pure Herbal Papaya,other
Pyary,other
ReAwaken,other
RENEW,other
RICHFEEL,local
Samvardhan,other
Santoor,other
Savlon,other
Sebamed,other
SHISEIDO,global   
SILKA,other
Soulflower,local
Speaking tree,other
ST.IVES,other
The Derma Co,other
TNW - The Natural Wash,other
vagad's khadi,other
Vcare,other
Vedaearth,other
vellasio,other
Vivel,other
Yardley London,other
Hard Candy,global   
LISE WATIER,other
Lord & Berry,other
Mary Kay,other
Oriflame,global
Pink Line,local
about-face,global
Adbeni,other
Almay,global   
ANNABELLE,other
ATORSE,other
Bare Escentuals,global
bareMinerals,global   
BEAUTYRELAY LONDON,other
Benefit Cosmetics,other
Bobbi Brown,global   
Bom,other
By Terry,other
CALANDIS,other
CHARLOTTE TILBURY,other
Colorbar,local
Coloressence,local
COSLUXE,other
CoverGirl,global   
CVB,other
DEVEDITZ,other
DEVRIZ PROFESSIONAL,other
Diego dalla Palma Milano,global
E.l.f.,global   
e.l.f. Cosmetics,global   
Ear Lobe & Accessories,other
Ecomspace,other
ELECTROPRIME,other
Essence,global
Etude House,other
FACE UP,local
Faces,other
FaceTech,other
Fashion Colour,local
FIRMER,other
FLAWISH,other
FLENGO; MADE FOR YOU,global
FOMIYES,other
Furbabies,other
Fusion Beauty,other
Glitties Nail Art,other
Grande Cosmetics,other
GRANOTONE,other
HipDot,global
HUDA BEAUTY,other
ILANA,other
J.Cat Beauty,other
jane iredale,other
KING EYEBALL.,other
KVD Beauty,other
LAKMï¿½,local
LORAC,other
L'Orï¿½ï¿½,other
L'Oreal Paris,other
MAC,other
MAKE UP FOR LIFE,other
Makeup Revolution,global   
Maliao,local
MARS,local
Mary Kay Cream Eye Color - Metallic Taupe,other
Max Factor,global   
"Max Factor Lash Extension Effect Washable Waterproof Mascara for Women, Black, 0.21 Ounce",other
Maybelline,global   
Meiyya,other
Milani,global
Mirenesse Cosmetics,other
Miss Claire,local
Morphe,other
NABLA,global
NARS,global   
NUDESTIX,global
NYLSA,other
NYX,global   
NYX Professional,other
NYX Professional Makeup,global   
Ovking,other
Palladio,other
Physicians Formula,other
PIXI,global
Pudaier,other
PYT Beauty,other
Recode,other
Rimmel,other
Rituel de Fille,other
RONZILLE,global
RUBY'S ORGANICS,local
Salata,other
SERY,other
Sivanna Colors,other
Smashbox,global   
Squared,other
stila,other
SUGAR Cosmetics,other
Susan+Posnick+Cosmetics,other
SWISS BEAUTY,local
T.O.G.,other
Tarte,global   
The Crï¿½ï¿½ï¿½,global
Too cool for school,other
Urban Decay Cosmetics,other
Vedy,other
Viva Diseno,other
W7,other
Winky Lux,global
ZUZU LUXE,other
AYA,other
Beaubog (TM),other
Belora,other
Beromt,local
BLISSIBLE,other
Blue Heaven,other
BOB BLESSED OBSESSED,other
BUYTYA,local
CHAMBOR,other
Clensta,local
Color Girl,other
ColourPop,other
Daily life FOREVER52,other
DAZLLER,other
Deluvia+Skincare+%26+Cosmetics,other
Elle 18,local
Essence cosmetics,other
Eyeko,other
EYETEX DAZLLER,other
FACESCANADA,other
FIRSTZON,other
florence by mills,global
FLOWER Beauty,other
GlamTools,other
GLAVON,local
Glowhouse,global
HILARYRHODA,other
Hr,other
HUDA BB,global
INCOLOR,local
INSIGHT,other
IT Cosmetics,global
KYLIE COSMETICS,other
L.A GIRL,global   
L.A. Girl,global   
LAMBRE,other
Lavera,other
Lime Crime,other
Lotus Makeup,other
Lovechild Masaba,local
LOVERIGHT,other
MAKE UP FOR EVER,global
Makeup Mania,local
MARCELLE,other
MAYU,global
Million Colors,other
MISSDOLL,global
MIVVA,other
Morphe 2,other
Music Flower,other
MyGlamm,local
NATASHA DENONA,global   
Neyah,other
Nicka K,global   
ONE/SIZE by Patrick Starrr,other
Persona,other
r.e.m. beauty,other
RED 4,other
RED4,other
Relove,other
REVOLUTION BEAUTY,other
Rimmel London,other
Rsentera,other
SAKURA,other
Saplotia,other
Shryoan,other
Spanking,other
Treslï¿½ï¿½ï¿½ï¿,global
VARS ; LONDON,global
Well People,other
Wet n Wild,other
AGLEY,other
ANKITA,other
AURINKO,other
Beaut by Sterling,other
Beauty Bakerie,global
Beauty Without Cruelty,other
BEGGIE,local
Bella Voste,local
Bigwig,other
Black Radiance,other
BLK/OPL,global
BOLT BEE,other
Bridester,other
BTYMS,other
CALAILIS,other
Cameleon,other
Cerlingwee,other
CL2 Cameleon,other
Clamy,other
Color Diva,other
COLORS QUEEN,local
Da Vinci Brushes,other
DC DERMACOL,other
Dear Dahlia,other
Dejavu,other
Ere Perez,global
Eveline Cosmetics,other
FAE Beauty,local
FENTY BEAUTY by Rihanna,other
Futaba,other
Glam 21,global
GLAM VISTA,other
GL-Turelifes,other
Godefroy,other
Golden Rose,global   
Gush,local
Hilary Rhoda,other
Honest Beauty,other
House of Lashes,other
ICONIC LONDON,other
IN5,other
INDULGEO ESSENTIALS,other
INSHINE,other
KAIASHA,local
KINDED,local
Kiss Me,other
L.A. COLORS,global
LashSense,other
LK LOOK KOOL,other
LONDONPRIME,other
Lottie London,other
MAGICAL BASKET,other
MaySay Beauty,other
MD,other
Meilin (Hong Kong),other
ME-ON,other
MILAP,other
Mineral Fusion,other
Mirabella,other
MYN,other
N.Y.C.,other
Neutrogena,other
NICZICO,other
Peripera,other
Pierre Cardin Paris,other
Pï¿½,global
PROARTE,global
QVS,other
Red Ballons,other
RevitaLash Cosmetics,other
Riuty,other
SH. HUDA,local
SHIV TRADER,other
SISLEY,global
SPEEDLASH,other
Surratt,other
Temptu,other
Undone Beauty,other
Unknown,other
UOMA Beauty,other
VERYMISS,local
Vevon Beauty,other
VOLO,other
Wiffy,local
Winry,other
Wuqioei,other
Xotica Mekup,other
Youngblood,global
JIMIRE,other
ALLURE,other
Crazy Girl,other
GlamGals,other
Kesig,other
Vega,other
AIR BEAUTY,other
ANEMOI,other
Aternal,other
BADAMOZA,other
Burney,other
Buxom,other
Calitate24,other
Charmacy Milano,local
CHITROSE,global
ClubBeauty,global
ClubComfort,other
Cosmac,other
DR HONEY,other
EDO MAC,other
Face8Teen,other
GLAER,local
Glamyou,other
Glaooks Professional,other
GWENLOOK,other
HOUSE OF MAKEUP,other
Imakeupnow,other
Jeval,other
KIRO,other
Klara Cosmetics,other
Layralash,other
Lecherous,other
LOVE HUDA,other
Lui Pui,other
MAPPERZ,other
Miss Rose,global
Phenovo,other
Pigment Play,other
RETRIX,other
Sana,other
SUGAR POP,other
Swabs,other
TEEN.TEEN,other
Trendy Look,other
TRIVETY,local
Truvic,other
Yanqina,other
100% PURE,other
ALVRIO,local
Beauty Treats,other
BLESSED MOON,other
Bodyography,other
BR111,other
Butter LONDON,other
Chantecaille,global   
Coastal Scents,other
Cold Case Crackers,other
COLOR CITY,other
COSLUXE UCANBE,other
D.B.Z.,other
Deborah Milano,other
Elecsera,other
Elf,other
Elpis Gold,other
Glamdoll,other
Glasm,other
HoneyBee Gardens,other
Inglot,other
JOTKAPARKASH,local
Khelni,other
LA Splash,other
Lyon Beauty,other
Lyon Beauty USA,other
Mallofusa,other
Mojidecor,other
NOTE,global
NYN,other
Ofra Cosmetics,global   
Preyansh,other
RMS BEAUTY,other
Rude Cosmetics,other
Shany,global   
Sivanna,other
Star's Cosmetics,other
The Lano Company,other
TheBalm,global   
TIGI,other
Veoni Belle,other
W7 |,other
Ybf,global   
Beauty For Real,other
BECCA,other
HUDAMOJI,other
Laura Mercier,other
MAVALA,other
TATSAT - WELLNESS THROUGH AYURVEDA,other
AVLON INTERNATIONAL,other
Color Soul,other
SHAPERZ,other
1000Hour,other
3CE,other
Absolute Newyork,other
Artist%27s+Choice,other
Babe Lash,other
Benecos,other
BH Cosmetics,other
Bhcosmetics,other
Blinc,other
Boots,other
Bourjois,other
BYS,other
Canmake,other
CLEMATIS,other
Cover FX,other
COVER GIRL,other
Deborah,other
Dolly Wink,other
Ecco Bella,other
Ecrinal,other
EDDIE FUNKHOUSER,other
EDDIE+FUNKHOUSER,global   
EVXO,other
FantasyDay,other
Foltene,other
Gabriel Cosmetics,other
Helena Rubinstein,other
Imju,other
Isadora,other
Jordana,other
Jumezo,other
Kevyn Aucoin,other
KIKO Milano,other
M.A.C,other
MATT LOOK,other
Nuonove,other
Nutra Luxe Md,other
Peter Lamas,other
PhantomSky,other
PRESTIGE COSMETICS,other
PUR Cosmetics,other
Rachel Roy,other
Scan makeup,other
Sinful Colors,other
Skin+Illustrator,global   
StillerSafe,local
Studio Makeup,global   
Sugarpill Cosmetics,other
Surratt Beauty,other
Trendy Retail,other
Trish McEvoy,other
Ubersweet,other
Velvetree,local
VMV Hypoallergenics,other
Xtreme Lashes,other
ZYZHT,other
TIG,other
7th Heaven,other
Aegte,other
AlfaParf,other
ARGATIN,other
Artnaturals,other
Ashba Botanics,other
ATULYA HERBALS,other
Aveda,other
Bare Anatomy,other
Best Life,other
Bigen,other
Bindumatra,other
Birdsong,other
BSY,other
CADIVEU,other
Coccoon,other
Coco Soul,other
Coslifestore,other
Cozella,other
Curl up,other
Curlin,other
Curlvana,other
DAQAN,other
DEAUX,other
Deviyan,other
DOT & KEY,other
Elizavecca,other
Enliven,other
Fabindia,other
FIX MY CURLS,other
Flawsome,other
Freecia Professional,other
Giovanni Organic,other
Godrej,other
Godrej Professional,other
Green and Beige,other
Hanz de Fuko,other
Happier,other
Hayze Cosmetics,other
HERBA GRACE,other
Herbal Essences,other
HIMALAYAN ORGANICS,other
HIMALAYAN ORIGINS,other
Homeo Essentials,other
HUDACRUSH,other
I TOUCH HERBAL,other
IHA,other
ikoo,other
INATUR,other
INDUS VALLEY,other
JOY,other
K18,other
Keralooks professional,other
KERAMONIKS,other
KERATINE PROFESSIONAL,other
KERATOPLUS PROFESSIONAL,other
Lim & Cello,other
L'Orï¿½ï¿½ï¿½ï¿½ï¿½ï¿½,other
LOTUS BOTANICALS,other
Luxliss,other
MaaMagic,other
Maui Moisture,other
MB Herbals,other
MIKAMI ; yours naturally,other
MNT,other
Mother Sparsh,other
Muggu,other
Nat Habit - Back To Natural Secrets Everyday,other
Natural Vibes,other
Naturali,other
NatureSack-The Best Of Nature,other
Natyv Soul,other
NAVITUS,other
NEXTOMART,other
NO APOLOGY,other
NUTRIGLOW,other
O3+,other
OGX,global   
OLAPLEX,other
OliveStory,other
Pantene,other
PERENNE,other
Pilgrim,local
Pink Root,other
POND'S,other
Presque india,other
Pure Herbal,other
PURELOGICA,other
QoD,other
QUINTA ESSENTIA ORGANIC,other
Rey Naturals,other
Riyo Herbs,other
ROOTMATE,other
Rufous,other
RUHAANIYAT,other
Ruza,other
Schwarzkopf,other
SEDGE,other
Spantra,other
Steelbird,other
Tapveda,other
The Organic Forest ï¿½ï¿½ï¿½ï¿½ï¿½ï¿½ï¿½ï¿½ï¿,other
TNW-THE NATURAL WASH,other
Toni&Guy,other
TRESemme,other
Trichup,other
TRU HAIR,other
TRue FRoG,other
TYC - TRUST YOUR CHOICE,other
Unilever,other
WELLA,other
WILDLY PURE Authentic By Nature,other
WishCare,other
Aquage,other
Batiste,global
Beachwaver Co.,other
Bumble and bumble,other
Chi,other
Drybar,other
Eva Nyc,other
Hask,other
IGK,other
Joico,other
Kenra Professional,other
Klorane,other
L'ange,global
Living Proof,other
Matrix,other
Nick Stenson Beauty,global   
Not Your Mother's,other
Odele,other
Pureology,other
Redken,global   
Sexy Hair,global
Virtue,other
Voir,other
Dr Batra's,other
Head & Shoulders,other
Kesh King,other
TUNSECHY,other
Aaranyaa,other
AmazingOrganics,other
BEARDHOOD,other
BLISS & CHERRY AYURVEDA,other
ByPurenaturals,other
Detoxie,other
Kokila,other
Leaf Originals,other
Nature's Lush,other
SHILLS PROFESSIONAL,other
SILIUM,other
Sunny,other
Sunsilk,other
Vedix,other
Wrixty,other
Adi Sri Maruthi,other
ADIDEV,other
Adivasi,other
Adivasi Lakshmi Herbal Hair Oil,other
AE Naturals,other
AG Care,global   
Age Ayurveda,other
AKALIKO NATURAL,other
Alterna,other
Amazon Series,other
Amway,other
Anoop,other
Arata Zero Chemicals,other
Arvazallia,other
ASSURE,other
AUDORA,other
Ayurdaily,other
AZANI,other
BabyChakra,other
Baidyanath,other
Bajaj Almond Drops,other
BARBA,other
BBLUNT,other
Bed Head,other
Better Not Younger,other
Biolage,other
Biosilk,global
Blozzom,other
Blue Nectar,other
Bondi Boost,global
BREAD BEAUTY SUPPLY,global   
BRILLARE,other
CAPRO,other
Carol's Daughter,other
CHIK,other
Clear,other
Clinic Plus,other
CURLS,other
Curlsmith,other
Cymedis,other
DABUR,other
DAV Pharmacy,other
De fabulous,other
Derma E,global
Design Essentials,other
DevaCurl,other
DEVO HERBAL,other
Dhathri,other
dpHUE,other
DROMEN & CO,other
Emami,other
ENN,other
ETHORA,other
Fairy Tales,other
FIXDERMA COSMETIC LABORATORIES,other
Flora & Curl,other
FLORACTIVE PROFISSIONAL,other
Formen,other
FURR,other
Garnier,other
Grandmaas,other
Grow Gorgeous,other
Gypsy Syrup,other
Hair & Care,other
Haironic,other
Happy Herbals,other
Himani,other
HK Vitals,other
Indulekha,other
Innersense Organic Beauty,global   
Instant Veda,other
It's A 10,global
Juene,other
Kalan Pharmaceuticals,other
Kapiva,other
Kaya Clinic,other
KELESTA,other
Keo Karpin,other
KERALA ayurveda,other
Keranique,other
Keratin Complex,other
Kesavardhini Products,other
KESIKA HERBAL HAIR OIL,other
"KEYA SETH AROMATHERAPY, DEVICE OF DROP",other
Khadi Essentials,other
Khadi Mauri Herbal,other
Khadi Pure,other
KHADI RISHIKESH,other
Kreyï¿½ï¿½ï¿½ï¿,global
KRIG'S,other
L'anza,global   
Last 30 days,other
LATIBULE,other
LEVER ayush,other
LolaVie,other
Luster,other
Luxura Sciences,other
Man Matters,other
Mana Ayurvedam,other
MANETAIN,other
Marico Jataa for Men,other
Mars by GHC,other
Meera,other
Mielle,other
Mixed Chicks,other
Mojocare,other
MONDAY Haircare,other
Montagne Jeunesse,other
Mukti Gold,other
Mystiq Living,other
NAKE ORGANICA,other
Naturalicious,other
NaturCrest,other
Nature Sure,other
NatureLab. Tokyo,global   
Navratna,other
Neelambari Ayurvedic Hair Care,other
NEUD,other
New Look,other
Newish,other
Nexxus,other
NIHAR,other
Nioxin,other
Nisha,other
Nuzen,other
OPERIO,other
Oriental botanics,other
Ouidad,other
OZONE,other
Ozone Signature,other
Parachute,other
Parachute Advansed,other
PATTERN,other
Phillauri,other
Pravana,global
Pura d'or,other
Qhemet Biologics,other
Regal Essence,other
Rizos Curls,global   
Rusk,other
SAINI HERBAL,other
Saptham,other
Satthwa,other
Saturn by GHC,other
SBL,other
SBL's,other
Sebastian,other
SEEN,other
SENHORA INTERNATIONAL,other
Senso,other
Sesa,other
SHALIMARS,other
Sindhu Herbals,other
Siya,other
SKM,other
SSKR,other
Sun Bum,other
Sunday || Sunday,global   
tgin,other
The Indie Earth,other
The Mane Choice,other
The Moms Co,local
The Ordinary,other
The pHrase,other
The Tribe Concepts,other
Traya,other
Triclenz,other
UrbanBotanics,other
Urbangabru,other
VANGA ANNACHI,other
VANSAAR,other
VASMOL,other
Vatika,other
VEDAMBARI,other
Velnik,other
Vilvah STORE,other
VIP HAIR COLOUR SHAMPOO,other
Viviscal,other
VOLAMENA WITH DEVICE,other
VOXTUR BEAUTY,other
WHITE ORCHID BEAUTY STUDIO,other
WOMMUNE,other
ZEOMARK,other
DHI,other
FIXDERMA,other
Fruitnroot,other
Moha:,other
PROFESSIONAL FEEL,other
UDAUN-THE WINGS OF NATURE,other
JOVEES,other
OZiva,other
The Face Shop,other
The Wellness Shop,other
VERDANT NATURAL CARE,other
BEAUTY SECRETS,other
Bhavya ayurveda,other
Coral Dust,other
Diamond,other
DIETS ORGANICS,other
Go Organic,other
Havintha,other
HEILEN BIOPHARM,other
Hennahub,other
HERBAL HILLS,other
HERBTONIQ,other
IYUSH Herbal Ayurveda,other
Juicy Treat,other
Khadi Ark,other
Kmax,other
LAUGHA,other
LB LEBOTANIQUES,other
Myherb,other
NATURAL AND HERBAL PRODUCTS,other
NATURENNA,other
Online Quality Store,other
PANCHKARMA AYURVEDA,other
Rapoonzel Herbals,other
STAMIO,other
TATVIK Bath & Body Ayurveda handcrafted for the Soul,other
The Forest Herbs Natural Care From Nature,other
Toppik,other
Women's Theory,other
Arganik,other
ARVESSA PROFESSIONAL,other
Hunky Dory,other
Lotus Organics+,other
Marc Anthony,other
Ornaskin,other
Pure Nutrition,other
Raaga Professional,other
Rustic Earth,other
Schwarzkopf Professional,other
Shreeyas,other
ARRX,other
BlushBee Organic Beauty,other
EARTH HEAVEN,other
Girls Choice,other
GORGY,other
GREVILLAE,other
Groovs,other
HUDA GIRL,other
IF RAMBLE,other
Kamz,local
Kiss Beauty,global
MAGIC GIRL,other
Memake,other
PINNER,other
PRAUSH BEAUTY,other
Prestige,other
Safemum,other
SHENY,other
Street Wear,other
URJUWANI,other
VBA,local
Biocule,other
Biotique Natural Makeup,other
BLISCENT,other
Blush Bunny Organies,other
DEROL,other
HealthBest,other
Indeed Labs,global
IYAL INDIA,other
JUICE,other
Klenvor,other
KYLIE SKIN,other
Lano,other
Last Forest,other
Lenon,local
LEVLENT,other
Lotus Herbals,other
Love Earth,other
Minimalist,other
NATURE'S WARMTH,local
RAWLS,other
Sh.Huda,local
Skinncells,other
TOTTA BEAUTY,local
Twani Natural,other
URBANMAC,other
VAADI HERBALS,other
Vaseline,other
YGLES,other
ZM Zayn & Myza,other
Amosfia,global
Aqualogica,other
Aquaphor,other
Bare Necessities,other
CureSk+n,other
Dude's Love,other
Entirety,other
JIAOER,other
MAGNETIC GLOW,local
Miracleveda,other
Nema NM,other
NOURISH MANTRA,other
ProTouch,other
PURENSO,local
RAS LUXURY OILS,other
Sciian,local
She Essentials,other
SIMPLYNAM,other
THE LIVING CO.,other
THE REAL WOMAN,other
URSUS PROFESSIONAL,other
ANIQUï¿½,local
ArtEra,other
Arwa Beauty,other
Ashayla,other
BELLAS,other
Blossom,other
Blur,other
BTN TRADERS,other
Bysak,other
CHUBS,other
Color Fever,other
Crown,global
DAUGHTER EARTH,other
Dream Shade,other
Dyegim,other
Elaluz by Camila Coelho,global
Elle18,other
Etude,other
FAVORU.,other
Focallure,other
FORFOR,other
Greyon,other
Gujas,other
Herbanics,local
HOURGLASS,global
Jaclyn Cosmetics,other
Just Candy,other
Juvia's Place,other
KA CAYLA,local
LANEIGE,other
Liboni,other
Live Tinted,global
Makeover Professional,other
Mary Kay Nourishine Lip Gloss ~ Beach Bronze,other
Masibo USA,other
mented cosmetics,other
MI FASHION,local
Milagro beauty,other
Namyaa,other
Nykaa,other
Oilanic,other
Palsons,other
PRIVIU,other
Rupali,other
Sacheu,other
Seven Seas,local
SHOW Beauty,other
Simply Nam,other
SKR,other
SOULTREE,other
STARSTRUCK BY SUNNY LEONE,local
THR3E STROKES,other
TIGI Cosmetics,other
Tiny Deal,other
TopFinder,other
UNLEASHIA,other
Vedic Naturals,other
VELORA,other
XIMI,other
Zodak,other
Moody,other
ADS,other
Angelie,other
Atemporal,other
BHADANI SALES,other
BIG MAN THEORY,local
Cheshta,other
COSLUXE IMAGIC,other
Delaine,other
Fashladyï¿½ï¿½,other
Freedom Makeup London,other
Get Glamorous,other
Jordana Cosmetics,other
LENPHOR,other
Me Now,global
N&M,local
NF&E,other
OROMAC,other
Pink Shimmer,other
Quenchua,other
Rom&nd,other
SKE,other
Sorme' Treatment Cosmetics,other
Willyard,other
G'Ya,other
YVETTE,other
RIVONA NATURALS,other
Aastha,other
Awiclo,other
AXIOLOGY,other
Ayuga,other
Barbie,other
BIORUNS,other
Bipha Ayurveda,other
Blistex,other
BlueHeaven,other
Carmex,other
Cerulean,local
Chapstick,other
DC-BEAUTIFUL,other
Elle 8,other
EOS,other
Freshistry [The Chemistry of Fresh Cosmetics],other
Greyon produits de beaute,other
Guam,global
Homoeomeds,other
Husn E Heaven,other
IBBANI,local
Innisfree,other
Jaquline USA,other
Juicy Chemistry,other
Kaumudi,other
Labello,other
Lip Smacker,other
MOM & WORLD,other
Neev Herbal Handmade Soaps,other
NY Bae,other
Old Tree,other
Olio E Osso,other
Organix Mantra,other
Palmer's,other
Pink Plums,other
P'URE PAPAYACARE,other
Regaliz,other
Rosa Herbalcare,other
Sadhev,other
SAGE APOTHECARY,other
ShopiBuy,other
SmieTrz,other
SolaceDeArtisan,other
Srotam Khadi Herbal,other
SUGANDA SKINCARE,other
SWIPA,other
TAC,other
TAC - The Ayurveda Co.,other
Tatha,global
The Bare Bar,other
The Coconut People,other
VDL,global
Vedicherbs,other
XYST,other
Zintalic,other
LIPAEGIS,other
L'Occitane,other
VELITE,other
ADAMAI,global
Crazy,other
Feel Foxy,other
G4U,other
GR,global
ICUC,local
Lotus,other
Malibu,other
MASSUGAR,other
Miss Rose Professional Make-up,other
RAS,other
Sunkroma,other
Zenvista,other
ACURE,other
Alpha-H,other
Andalou Naturals,other
Aveeno,other
Avï¿½ï¿½,global
beautyblender,other
BeautyStat Cosmetics,global
belif,other
Bubble,global
BYOMA,other
CeraVe,other
cocokind,other
COSRX,global
Crepe Erase,other
DHC,global
Dr. Brandt,other
Dr. Dennis Gross Skincare,other
Earth Harbor,other
ELEMIS,other
Erborian,global
Exuviance,other
Farmacy Beauty,other
Flora & Noor,global
FOREO,other
Fourth Ray Beauty,other
GLAMGLOW,other
Hero Cosmetics,other
Hey Honey,other
I Dew Care,global
INDIE LEE,other
Kinship,other
Klairs,global
kora organics,other
KORRES,global
My Clarins,global
No7,other
Oh K!,other
Olay,other
Olive,other
Peace Out,global
Peach Slices,other
Peter Thomas Roth,other
Skinfood,other
Skyn Iceland,global
Solawave,global
Teami Blends,global
TONYMOLY,other
Urban Skin Rx,global
VOLITION,global
Adi Express,other
ARISH,other
ARISH BIO-NATURAL,other
Banila Co,global
Bella,other
Bio-Essence,other
Bioly ,other
Bio-Oil,other
Biorï¿½,other
BLUME,other
Charmis,other
Conscious Chemist,other
Cos-IQ,other
deconstruct,other
Dermatouch,other
Dot,other
Dr. Alies Professional,other
Dr. Batra's,other
Dr.Rashel,other
Dravida Organics,other
ecovani,other
Esabï¿½ï¿½,local
Evian Mineral Spray,other
Fabskin,other
FORTUNATE,other
Foxtale,other
Glow,other
Hanskin,other
INDO CHALLENGE,other
Kayamaya,other
KEYA,other
KEYA SETH AROMATHERAPY,other
Khadi,other
Lady Empire,other
Leaf Dew,other
Liyaz,other
LOLI Beauty,other
L'Orï¿½ï¿½ï¿½ï,other
L'Orï¿½ï¿½ï¿½ï¿,other
LuxaDerme ,other
MamaEarth ,other
MASKAL,other
MasKing,other
mCaffeine ,other
MEDANTA,other
MEDIHOME,other
Miss Spa,other
MUUCHSTAC,other
Nea,other
NEWISH ,other
Nuerma Science,other
Nuface,other
OLAY ,other
OSHEA,other
Parachute Advansed Body,other
Pilgrim Jeju,other
Plix,other
Plum ,other
Plum E-Luminence,other
Ponds,other
POND's ,other
POND's Bright,other
Prolixr,other
PROVENCE Beauty,other
Qraa,other
QUAT,other
Qwera,other
Raiyani,other
Regolith,other
Rivela Dermascience,other
RNV COMPANY,other
RoC,other
Sanfe,local
SIRONA,other
SKOOKUM,other
Sol.,local
Sotrue,other
SPA Professionals,other
St.Botanica,other
Sterling,other
Taavi,other
Thayers,other
The Moms Co.,other
Undefined Beauty,other
UrbanBotanics ,other
VLCC,other
Vsk Professionals,local
WLDKAT,other
WOW,other
Youthforia,global
ZitSticka,global
MATTLOOK,local
CIVAKI,other
M.S TRADERS,other
FEELHIGH,local
FOZZBY,local
Krayons,global
PURAM,global
SIRF TUM 7,local
CRAZYHUDA,global
Olivia,other
Suroskie,other
Aveu,other
Plethora,other
My Colors,other
La Prairie,other
Kiss Pretty,other
Half N Half,other
O.TWO.O,other
CYB,other
All,other
Beauty Berry,other
MeeTo,global
Cosmetic Line,other
Revolution Pro,other
FLiCKA,other
Barva,other
MYSIGA,local
IMAGIC,other
A'PIEU,other
XX Revolution,other
Krazy girl,other
AMAG,other
PAC,other
Crynn,other
THE REAL MAN,other
Deputy,other
Makeup & More,other
Bella Keen,other
TRUDIANCE,other
Dudustrong,other
Confect,other
Steel Paris,global
KASCN,other
SUNISA,other
ADS GOOD CHOICE INDIA,other
BAE BEAUTE - YOUR BETTER HALF,other
Chariot New York,other
Crï¿½ï¿½ï¿½,other
Double Lips,other
FashionStorm,other
MASTADI,other
Sedell,other
Seer Secrets,other
Sloane,other
Bennort,other
ELITEWAVE,other
Forever52,other
S.F.R. COLOR,other
SUBHMUN,other
BONJOUR PARIS,other
GNASTAS,other
MZM,other
SKINPLUS,other
VARS LONDON,other
ZSIGNS,other
Zuii Organic,other
BLUSH18,other
Dermablend,other
